/*-----------------------------------------------------------------
  TRAVESÍA VACACIONAL  –  MÓDULO 2
  CARGA INICIAL DE DATOS (MAYÚSCULAS)
  TODOS LOS FK SATISFECHOS, Y
  RACTVIDAD_ID / RCENTRO_ID APUNTAN A IDs DEL MÓDULO 1
-----------------------------------------------------------------*/
SET DEFINE OFF;
WHENEVER SQLERROR EXIT ROLLBACK;

/*==============================================================
  1.  AUTO_CLIENTE   (PADRE PARA VISITA_CLIENTE)
==============================================================*/
INSERT INTO AUTO_CLIENTE VALUES ('AAA-111','CITY','HONDA');
INSERT INTO AUTO_CLIENTE VALUES ('BBB-222','COROLLA','TOYOTA');
INSERT INTO AUTO_CLIENTE VALUES ('CCC-333','FOCUS','FORD');
INSERT INTO AUTO_CLIENTE VALUES ('DDD-444','JETTA','VW');
INSERT INTO AUTO_CLIENTE VALUES ('EEE-555','RANGER','FORD');

/*==============================================================
  2.  CLIENTE   (PADRE DE INVITADO / CLIENTE_MEMBRESIA)
==============================================================*/
INSERT INTO CLIENTE VALUES (1001,'CURP1001','JUAN PÉREZ','SOLTERO','28','LICENCIATURA','INGENIERO','555-6001');
INSERT INTO CLIENTE VALUES (1002,'CURP1002','MARÍA ROJAS','CASADO','35','MAESTRÍA','ABOGADA','555-6002');
INSERT INTO CLIENTE VALUES (1003,'CURP1003','PEDRO GARCÍA','SOLTERO','22','BACHILLERATO','ESTUDIANTE','555-6003');
INSERT INTO CLIENTE VALUES (1004,'CURP1004','ANA LÓPEZ','DIVORCIADO','45','DOCTORADO','DOCENTE','555-6004');
INSERT INTO CLIENTE VALUES (1005,'CURP1005','LUIS HERNÁNDEZ','CASADO','31','LICENCIATURA','ARQUITECTO','555-6005');

/*==============================================================
  3.  ESTADO_MEMBRESIA   (CATÁLOGO)
==============================================================*/
INSERT INTO ESTADO_MEMBRESIA VALUES ('VIG','VIGENTE','ESTADO ACTIVO');
INSERT INTO ESTADO_MEMBRESIA VALUES ('ADE','ADEUDO','PAGO PENDIENTE');
INSERT INTO ESTADO_MEMBRESIA VALUES ('SUS','SUSPENDIDA','SUSPENSIÓN TEMPORAL');
INSERT INTO ESTADO_MEMBRESIA VALUES ('CAN','CANCELADA','MEMBRESÍA CANCELADA');

/*==============================================================
  4.  TARJETA   (PADRE INDIRECTO DE CLIENTE_MEMBRESIA)
==============================================================*/
INSERT INTO TARJETA VALUES ('4111111111111111','29','12','VISA');
INSERT INTO TARJETA VALUES ('5222222222222222','28','11','MASTERCARD');
INSERT INTO TARJETA VALUES ('6333333333333333','31','07','AMEX');
INSERT INTO TARJETA VALUES ('7444444444444444','30','08','VISA');
INSERT INTO TARJETA VALUES ('8555555555555555','29','09','MASTERCARD');

/*==============================================================
  5.  CLIENTE_MEMBRESIA   (DEPENDE DE CLIENTE, ESTADO_MEMBRESIA, TARJETA)
==============================================================*/
INSERT INTO CLIENTE_MEMBRESIA VALUES (1001,249.99, 8,'CREDITO','SI','2025-01-15','VIG','4111111111111111');
INSERT INTO CLIENTE_MEMBRESIA VALUES (1002,199.99, 6,'DEBITO','SI','2025-02-10','ADE','5222222222222222');
INSERT INTO CLIENTE_MEMBRESIA VALUES (1003,149.99, 4,'CREDITO','NO','2025-03-05','VIG','6333333333333333');
INSERT INTO CLIENTE_MEMBRESIA VALUES (1004,249.99,10,'CREDITO','SI','2025-04-20','SUS','7444444444444444');
INSERT INTO CLIENTE_MEMBRESIA VALUES (1005,199.99, 6,'DEBITO','SI','2025-05-01','VIG','8555555555555555');

/*==============================================================
  6.  INVITADO   (DEPENDE DE CLIENTE)
==============================================================*/
INSERT INTO INVITADO VALUES ('I001','JORGE PÉREZ', 12,'PRIMO','ESTUDIANTE',1001);
INSERT INTO INVITADO VALUES ('I002','ELISA ROJAS', 14,'HIJA','ESTUDIANTE',1002);
INSERT INTO INVITADO VALUES ('I003','CARLA GARCÍA',10,'SOBRINA','ESTUDIANTE',1003);
INSERT INTO INVITADO VALUES ('I004','MARIO LÓPEZ', 9,'HIJO','ESTUDIANTE',1004);
INSERT INTO INVITADO VALUES ('I005','SARA HERNÁNDEZ',11,'SOBRINA','ESTUDIANTE',1005);

/*==============================================================
  7.  HISTORIAL_MEMBRESIA   (DEPENDE DE CLIENTE_MEMBRESIA + ESTADO_MEMBRESIA)
==============================================================*/
INSERT INTO HISTORIAL_MEMBRESIA VALUES ('HM01','2025-01-16','VIG',1001);
INSERT INTO HISTORIAL_MEMBRESIA VALUES ('HM02','2025-02-11','ADE',1002);
INSERT INTO HISTORIAL_MEMBRESIA VALUES ('HM03','2025-02-20','VIG',1002);
INSERT INTO HISTORIAL_MEMBRESIA VALUES ('HM04','2025-03-06','VIG',1003);
INSERT INTO HISTORIAL_MEMBRESIA VALUES ('HM05','2025-04-21','SUS',1004);
INSERT INTO HISTORIAL_MEMBRESIA VALUES ('HM06','2025-05-02','VIG',1005);

/*==============================================================
  8.  VISITA_CLIENTE   (DEPENDE DE CLIENTE, AUTO_CLIENTE, Y RCENTRO_ID (MÓD.1))
==============================================================*/
INSERT INTO VISITA_CLIENTE VALUES
 ('VC001','CE001',
  TO_TIMESTAMP('2025-06-01 10:15:00','YYYY-MM-DD HH24:MI:SS'),
  TO_TIMESTAMP('2025-06-01 18:05:00','YYYY-MM-DD HH24:MI:SS'),
  '3',1001,'AAA-111');

INSERT INTO VISITA_CLIENTE VALUES
 ('VC002','CE002',
  TO_TIMESTAMP('2025-06-02 09:00:00','YYYY-MM-DD HH24:MI:SS'),
  TO_TIMESTAMP('2025-06-02 17:45:00','YYYY-MM-DD HH24:MI:SS'),
  '4',1002,'BBB-222');

INSERT INTO VISITA_CLIENTE VALUES
 ('VC003','CE003',
  TO_TIMESTAMP('2025-06-03 11:30:00','YYYY-MM-DD HH24:MI:SS'),
  TO_TIMESTAMP('2025-06-03 16:00:00','YYYY-MM-DD HH24:MI:SS'),
  '2',1003,'CCC-333');

INSERT INTO VISITA_CLIENTE VALUES
 ('VC004','CE001',
  TO_TIMESTAMP('2025-06-04 10:00:00','YYYY-MM-DD HH24:MI:SS'),
  TO_TIMESTAMP('2025-06-04 19:00:00','YYYY-MM-DD HH24:MI:SS'),
  '5',1004,'DDD-444');

INSERT INTO VISITA_CLIENTE VALUES
 ('VC005','CE002',
  TO_TIMESTAMP('2025-06-05 09:20:00','YYYY-MM-DD HH24:MI:SS'),
  TO_TIMESTAMP('2025-06-05 18:10:00','YYYY-MM-DD HH24:MI:SS'),
  '4',1005,'EEE-555');

/*==============================================================
  9.  VISITA_INVITADO   (DEPENDE DE INVITADO + VISITA_CLIENTE)
==============================================================*/
INSERT INTO VISITA_INVITADO VALUES ('I001','VC001');
INSERT INTO VISITA_INVITADO VALUES ('I002','VC002');
INSERT INTO VISITA_INVITADO VALUES ('I003','VC003');
INSERT INTO VISITA_INVITADO VALUES ('I004','VC004');
INSERT INTO VISITA_INVITADO VALUES ('I005','VC005');

/*==============================================================
 10.  ACTIVIDAD_PARTICIPACION
      (RACTVIDAD_ID DEBE EXISTIR EN ACTIVIDAD DEL MÓDULO 1)
==============================================================*/
INSERT INTO ACTIVIDAD_PARTICIPACION VALUES
 ('AP001','AC001',
  TO_TIMESTAMP('2025-07-01 11:00:00','YYYY-MM-DD HH24:MI:SS'),
  TO_TIMESTAMP('2025-07-01 14:00:00','YYYY-MM-DD HH24:MI:SS'),
  NULL,1001);

INSERT INTO ACTIVIDAD_PARTICIPACION VALUES
 ('AP002','AC002',
  TO_TIMESTAMP('2025-07-03 09:15:00','YYYY-MM-DD HH24:MI:SS'),
  TO_TIMESTAMP('2025-07-03 13:00:00','YYYY-MM-DD HH24:MI:SS'),
  NULL,1002);

INSERT INTO ACTIVIDAD_PARTICIPACION VALUES
 ('AP003','AC003',
  TO_TIMESTAMP('2025-07-04 21:00:00','YYYY-MM-DD HH24:MI:SS'),
  TO_TIMESTAMP('2025-07-05 08:00:00','YYYY-MM-DD HH24:MI:SS'),
  'I003',NULL);

INSERT INTO ACTIVIDAD_PARTICIPACION VALUES
 ('AP004','AC004',
  TO_TIMESTAMP('2025-07-06 07:30:00','YYYY-MM-DD HH24:MI:SS'),
  TO_TIMESTAMP('2025-07-06 13:00:00','YYYY-MM-DD HH24:MI:SS'),
  'I004',NULL);

INSERT INTO ACTIVIDAD_PARTICIPACION VALUES
 ('AP005','AC005',
  TO_TIMESTAMP('2025-07-07 10:15:00','YYYY-MM-DD HH24:MI:SS'),
  TO_TIMESTAMP('2025-07-07 12:00:00','YYYY-MM-DD HH24:MI:SS'),
  NULL,1005);

COMMIT;
